{"max_price": 795.9003899999989, "min_price": -1025.1503899999998}